{
  "model_info": {
    "name": "RandomForest",
    "filename": "RandomForest_20250918_184132_0973.pkl",
    "algorithm": "RandomForestClassifier"
  },
  "training_info": {
    "timestamp": "2025-09-18T18:41:33.675037",
    "data_file": "data/processed/clinical_processed_20250918.csv",
    "train_size": 8000,
    "test_size": 2000,
    "features_count": 14,
    "target_distribution": {
      "0": 9727,
      "1": 273
    }
  },
  "hyperparameters": {
    "n_estimators": 100,
    "max_depth": 10,
    "random_state": 42
  },
  "performance": {
    "accuracy": 0.9725,
    "f1_score": 0.0,
    "roc_auc": 0.5428,
    "training_time_seconds": 0.86,
    "final_train_loss": 0.0592,
    "final_val_loss": 0.1306
  },
  "training_history": {
    "epochs": [
      1,
      2,
      3,
      4,
      5
    ],
    "train_loss": [
      0.06341885060879213,
      0.06337734247337903,
      0.06074038174516712,
      0.0597401098784547,
      0.05918269877810691
    ],
    "val_loss": [
      0.14323148596171825,
      0.13658809131454264,
      0.1333049746533262,
      0.13188283042271,
      0.13055220884706517
    ]
  },
  "feature_names": [
    "patient_id",
    "age",
    "sex",
    "bmi",
    "systolic_bp",
    "diastolic_bp",
    "glucose",
    "cholesterol",
    "creatinine",
    "diabetes",
    "hypertension",
    "diagnosis",
    "readmission_30d",
    "age_group"
  ]
}